ID,Age,Sex,ZIP,SystolicBP,BMI,Diagnosis
1,27.0,*,53116.0,108.0,27.1,Hypertension
2,66.0,*,53118.0,123.0,25.2,Migraine
3,63.333333333333336,*,53117.333333333336,124.0,21.866666666666664,Asthma
4,47.0,*,53116.0,108.0,24.9,Diabetes
5,35.0,*,53118.0,106.0,24.066666666666666,Migraine
6,67.0,*,53117.666666666664,121.66666666666667,29.0,Cancer
7,35.333333333333336,*,53115.333333333336,100.0,22.866666666666664,Diabetes
8,61.0,*,53116.0,127.0,26.4,Diabetes
9,42.0,*,53117.0,108.0,29.46666666666667,Cancer
10,35.333333333333336,*,53115.333333333336,100.0,22.866666666666664,Flu
11,52.0,*,53115.0,122.0,23.2,Hypertension
12,73.0,*,53115.333333333336,129.66666666666666,24.133333333333336,Diabetes
13,67.66666666666667,*,53118.0,132.66666666666666,24.599999999999998,Cancer
14,63.333333333333336,*,53117.333333333336,124.0,21.866666666666664,Migraine
15,67.0,*,53117.666666666664,121.66666666666667,29.0,Asthma
16,67.66666666666667,*,53118.0,132.66666666666666,24.599999999999998,Diabetes
17,51.0,*,53117.0,100.0,21.1,Cancer
18,29.333333333333332,*,53116.333333333336,90.0,22.133333333333336,Hypertension
19,69.0,*,53115.0,114.0,26.8,Hypertension
20,47.0,*,53115.0,104.0,26.6,Hypertension
21,42.0,*,53117.0,108.0,29.46666666666667,Cancer
22,42.0,*,53117.0,108.0,29.46666666666667,Diabetes
23,35.0,*,53118.0,106.0,24.066666666666666,Flu
24,67.66666666666667,*,53118.0,132.66666666666666,24.599999999999998,Hypertension
25,63.333333333333336,*,53117.333333333336,124.0,21.866666666666664,Hypertension
26,58.0,*,53117.0,128.0,25.9,Diabetes
27,44.0,*,53117.0,103.0,22.2,Asthma
28,68.0,*,53116.0,125.0,24.9,Hypertension
29,35.333333333333336,*,53115.333333333336,100.0,22.866666666666664,Diabetes
30,47.0,*,53116.0,111.0,24.1,Cancer
31,47.0,*,53115.0,123.0,27.2,Flu
32,29.333333333333332,*,53116.333333333336,90.0,22.133333333333336,Asthma
33,35.0,*,53118.0,106.0,24.066666666666666,Diabetes
34,53.0,*,53115.0,120.0,22.3,Migraine
35,73.0,*,53115.333333333336,129.66666666666666,24.133333333333336,Migraine
36,29.333333333333332,*,53116.333333333336,90.0,22.133333333333336,Migraine
37,73.0,*,53115.333333333336,129.66666666666666,24.133333333333336,Cancer
38,67.0,*,53117.666666666664,121.66666666666667,29.0,Migraine
39,37.0,*,53117.0,111.0,24.1,Flu
40,58.0,*,53118.0,121.0,27.7,Hypertension
